id,title,genres
1413602,WWE Raw on Netflix Premier Post-Show,
507244,Afterburn,Science Fiction;Action;Comedy
1156594,Our Fault,Romance;Drama
755898,War of the Worlds,Science Fiction;Thriller
1305717,Hunting Grounds,Action;Thriller
1306525,The Elixir,Horror;Thriller
1311031,Demon Slayer: Kimetsu no Yaiba Infinity Castle,Animation;Action;Fantasy;Thriller
1511789,Captain Hook - The Cursed Tides,Adventure;Action;Horror
1290159,A House of Dynamite,Thriller;War
604079,The Long Walk,Thriller
1280450,Stolen Girl,Thriller;Action;Adventure
861451,Martin,Action;Drama;Thriller
1038392,The Conjuring: Last Rites,Horror
1218925,Chainsaw Man - The Movie: Reze Arc,Animation;Action;Romance;Fantasy
1519168,The Jester 2,Horror;Thriller;Crime
1072699,Inside Furioza,Action;Crime;Thriller
1284120,The Ugly Stepsister,Horror;Comedy;Fantasy;Drama
7451,xXx,Action;Adventure;Thriller;Crime
1197137,Black Phone 2,Horror;Thriller
1010581,My Fault,Drama;Romance;Thriller
617126,The Fantastic 4: First Steps,Science Fiction;Adventure
803796,KPop Demon Hunters,Fantasy;Music;Comedy;Animation
338969,The Toxic Avenger Unrated,Action;Comedy;Science Fiction
793387,Holy Night: Demon Hunters,Action;Fantasy;Horror;Thriller
1362315,The Hand That Rocks the Cradle,Thriller;Horror
1156593,Your Fault,Drama;Romance
1086910,The Lost Princess,Action;Adventure
1244039,Butchers Book Two: Raghorn,Horror
1186350,Marco,Action;Crime;Thriller
1107216,Pets on a Train,Animation;Comedy;Adventure;Thriller
1327862,Regretting You,Romance;Drama
1010756,The Strangers: Chapter 2,Horror;Thriller
1202863,From Darkness,Horror;Mystery;Thriller
1257009,Primitive War,Action;Horror;War
1078605,Weapons,Horror;Mystery
575265,Mission: Impossible - The Final Reckoning,Action;Adventure;Thriller
1328402,The People In The Walls,Horror;Thriller;Mystery
1061474,Superman,Science Fiction;Adventure;Action
1417,Pan's Labyrinth,Fantasy;Drama;War
949855,Black Mold,Horror;Thriller;Drama;TV Movie
941109,Play Dirty,Crime
1267905,The Roses,Comedy;Drama;Romance
1291661,Tide,Horror
1086260,The Astronaut,Horror;Science Fiction;Thriller
533533,TRON: Ares,Science Fiction;Adventure;Action
1109086,War 2,Action;Adventure;Thriller
1419027,Attack 13,Horror;Thriller
1234821,Jurassic World Rebirth,Science Fiction;Adventure;Action
927254,The Twits,Animation;Comedy;Family;Fantasy
1535290,Host,Horror
1499837,Fantasmagoría,Horror
1062722,Frankenstein,Drama;Horror;Science Fiction
1330421,Bone Lake,Horror;Thriller;Mystery
1328803,Prisoner of War,Action;War;Thriller;History
1422096,Good Boy,Horror;Thriller
1327769,27 Nights,Comedy
1073079,Kill Her Goats,Horror
1386827,Coyotes,Horror;Comedy
1383557,Revival,Horror;Thriller;Science Fiction
1087192,How to Train Your Dragon,Fantasy;Family;Action;Adventure
1169210,The Mannequin,Horror;Thriller;Crime;Mystery
1267319,Mantis,Action;Crime;Thriller
1042834,Eden,Thriller;Drama
354912,Coco,Family;Animation;Music;Adventure
1009640,Valiant One,War;Thriller;Action
157336,Interstellar,Adventure;Drama;Science Fiction
911430,F1,Action;Drama
980477,Ne Zha 2,Animation;Fantasy;Adventure;Action
1290879,The Woman in Cabin 10,Mystery;Thriller;Crime
756999,The Black Phone,Horror;Thriller
1054867,One Battle After Another,Action;Thriller;Crime
1299046,Diamonds,Comedy;Drama
1007734,Nobody 2,Action;Thriller
1502943,Night of the Reaper,Horror;Thriller
1364608,Anemone,Drama
1403735,Laila,Comedy;Romance
1175942,The Bad Guys 2,Family;Comedy;Crime;Adventure;Animation
1027950,Hotel Dunsmuir,Horror
1357886,Django Undisputed,Western
1277988,Caramelo,Comedy;Drama
552524,Lilo & Stitch,Family;Science Fiction;Comedy;Adventure
1280282,Gabby's Dollhouse: The Movie,Family;Comedy;Adventure;Animation
24428,The Avengers,Science Fiction;Action;Adventure
1053008,Fight Another Day,Action
541671,Ballerina,Action;Thriller;Crime
1373445,V/H/S/Halloween,Horror;Thriller
1470086,Ligaw,Drama;Romance
1294203,My Fault: London,Romance;Drama
3933,Corpse Bride,Romance;Fantasy;Animation
934201,The Prank,Comedy;Thriller;Crime;Horror
574475,Final Destination Bloodlines,Horror;Mystery
1549292,LEGO Frozen: Operation Puffins,Animation;Family;Fantasy
198663,The Maze Runner,Action;Mystery;Science Fiction;Thriller
1035259,The Naked Gun,Comedy;Action;Crime
1119878,Ice Road: Vengeance,Action;Thriller;Drama
933260,The Substance,Drama;Horror;Science Fiction
155,The Dark Knight,Drama;Action;Crime;Thriller
615453,Ne Zha,Animation;Fantasy;Adventure
14836,Coraline,Animation;Family;Fantasy
1010600,The Strangers: Chapter 1,Horror;Thriller
701387,Bugonia,Comedy;Science Fiction;Crime
1084242,Zootopia 2,Family;Comedy;Adventure;Animation;Mystery
1071585,M3GAN 2.0,Action;Science Fiction;Thriller
1235746,Dead of Winter,Thriller
1252309,Tell Me What You Want,Romance;Drama
1241982,Moana 2,Family;Comedy;Adventure;Animation;Fantasy
1256208,E poi si vede,Comedy
1235294,La Réparation,Drama
1552819,Assassin,Action
1251717,Vicious,Horror;Thriller
474350,It Chapter Two,Horror;Thriller
950396,The Gorge,Romance;Science Fiction;Thriller
1197306,A Working Man,Action;Crime;Thriller
1186274,Goldilocks and the Three Bears: Death & Porridge,Horror;Thriller
9479,The Nightmare Before Christmas,Fantasy;Animation;Family
1022787,Elio,Family;Comedy;Adventure;Animation;Science Fiction
1382406,Striking Rescue,Action;Crime;Thriller
1242898,Predator: Badlands,Action;Science Fiction
1246049,Dracula: A Love Tale,Horror;Fantasy;Romance
1364992,Forgive Me Father,Thriller;Horror;Crime
1364992,Forgive Me Father,Thriller;Horror;Crime
671,Harry Potter and the Philosopher's Stone,Adventure;Fantasy
807,Se7en,Crime;Mystery;Thriller
666950,An Affair: Kind Daughters-in-law 3,Romance
1296404,Good News,Thriller;Comedy;History
1236470,The Lost Bus,Drama;Mystery;Thriller
76600,Avatar: The Way of Water,Action;Adventure;Science Fiction
13494,Red Sonja,Adventure;Action;Fantasy
742070,Little Nina & The Piano Thieves,Music;Fantasy;Adventure;Family
1049942,Bambi: The Reckoning,Horror;Thriller
238,The Godfather,Drama;Crime
1022789,Inside Out 2,Animation;Adventure;Comedy;Family
533535,Deadpool & Wolverine,Action;Comedy;Science Fiction
278,The Shawshank Redemption,Drama;Crime
950387,A Minecraft Movie,Family;Fantasy;Comedy;Adventure;Action
936108,Smurfs,Animation;Family;Fantasy
1233413,Sinners,Horror;Action;Thriller
299536,Avengers: Infinity War,Adventure;Action;Science Fiction
1151031,Bring Her Back,Horror;Drama
987400,Aztec Batman: Clash of Empires,Animation;Action;Adventure;Fantasy
346364,It,Horror;Thriller
986056,Thunderbolts*,Action;Science Fiction;Adventure
81467,Laura's Toys,Drama
9806,The Incredibles,Action;Adventure;Animation;Family
1130044,Un paseo por el Borne,Drama;Comedy
1221415,Brute 1976,Horror
27205,Inception,Action;Science Fiction;Adventure
597,Titanic,Drama;Romance
120,The Lord of the Rings: The Fellowship of the Ring,Adventure;Fantasy;Action
1081196,Four Mothers,Comedy;Drama
986097,HIM,Horror;Mystery
269149,Zootopia,Animation;Adventure;Family;Comedy
537915,After,Romance;Drama
1011477,Karate Kid: Legends,Action;Adventure;Drama
1352755,Maintenance Required,Romance;Comedy
1100988,28 Years Later,Horror;Thriller;Science Fiction
138843,The Conjuring,Horror;Thriller
19995,Avatar,Action;Adventure;Fantasy;Science Fiction
411,"The Chronicles of Narnia: The Lion, the Witch and the Wardrobe",Adventure;Family;Fantasy
22,Pirates of the Caribbean: The Curse of the Black Pearl,Adventure;Fantasy;Action
402431,Wicked,Drama;Romance;Fantasy
385687,Fast X,Action;Crime;Thriller;Adventure;Mystery
749170,Heads of State,Action;Thriller;Comedy
1196364,Thamma,Comedy;Horror
1242011,Together,Horror;Romance
986206,Night Carnage,Action;Horror;Romance
1083433,I Know What You Did Last Summer,Horror;Mystery;Thriller
1100988,28 Years Later,Horror;Thriller;Science Fiction
672,Harry Potter and the Chamber of Secrets,Adventure;Fantasy
870028,The Accountant²,Mystery;Crime;Thriller
674,Harry Potter and the Goblet of Fire,Adventure;Fantasy
939243,Sonic the Hedgehog 3,Action;Science Fiction;Comedy;Family
106646,The Wolf of Wall Street,Crime;Drama;Comedy
122,The Lord of the Rings: The Return of the King,Adventure;Fantasy;Action
216015,Fifty Shades of Grey,Drama;Romance;Thriller
605,The Matrix Revolutions,Adventure;Action;Thriller;Science Fiction
519182,Despicable Me 4,Family;Comedy;Animation;Science Fiction
808,Shrek,Animation;Comedy;Fantasy;Adventure;Family
1028248,As Good as Dead,Action;Crime
1326106,Kaiju No. 8: Mission Recon,Animation;Action;Science Fiction
107257,A Perfect Ending,Drama;Romance
1125257,Freakier Friday,Comedy;Fantasy;Family
823219,Flow,Animation;Adventure;Fantasy;Family
496243,Parasite,Comedy;Thriller;Drama
1422211,The Pursuit of Lust,Romance;Drama
1045205,Someday We'll Tell Each Other Everything,Drama
1275151,She Walks in Darkness,Drama;Thriller
912649,Venom: The Last Dance,Action;Science Fiction;Adventure
1151334,Eenie Meanie,Thriller;Action;Comedy
1118770,Nineteen,Drama
872585,Oppenheimer,Drama;History
1419406,The Shadow's Edge,Action;Crime;Thriller
1565344,Parking,Comedy;Drama
634649,Spider-Man: No Way Home,Action;Adventure;Science Fiction
845781,Red One,Action;Comedy;Fantasy
83533,Avatar: Fire and Ash,Science Fiction;Adventure;Fantasy
58008,Night Nurse,Comedy
635302,Demon Slayer -Kimetsu no Yaiba- The Movie: Mugen Train,Animation;Action;Fantasy;Thriller
947512,Living Large,Animation;Family;Comedy
1034541,Terrifier 3,Horror;Thriller
1034541,Terrifier 3,Horror;Thriller
1256724,The Summer of Our Love,Comedy;Romance;Music
673,Harry Potter and the Prisoner of Azkaban,Adventure;Fantasy
918044,Winter Boy,Drama
8966,Twilight,Fantasy;Drama;Romance
359410,Road House,Action;Thriller
945961,Alien: Romulus,Horror;Science Fiction
1084199,Companion,Horror;Science Fiction;Thriller
1184918,The Wild Robot,Animation;Science Fiction;Family;Drama
129,Spirited Away,Animation;Family;Fantasy
603,The Matrix,Action;Science Fiction
1241470,Osiris,Science Fiction;Action;Horror
1144107,The Legend of Hei 2,Animation;Fantasy;Action
1450529,Gunman,Thriller;Action
1124620,The Monkey,Horror;Comedy
260513,Incredibles 2,Action;Adventure;Animation;Family
1376434,Predator: Killer of Killers,Animation;Action;Science Fiction;Thriller
10439,Hocus Pocus,Fantasy;Comedy;Family
4232,Scream,Crime;Horror;Mystery
1337395,Kiskisan,Drama
1125257,Freakier Friday,Comedy;Fantasy;Family
539972,Kraven the Hunter,Action;Adventure;Thriller
550,Fight Club,Drama;Thriller
109445,Frozen,Animation;Family;Adventure;Fantasy
447273,Snow White,Family;Fantasy
105,Back to the Future,Adventure;Comedy;Science Fiction
438631,Dune,Science Fiction;Adventure
1865,Pirates of the Caribbean: On Stranger Tides,Adventure;Action;Fantasy
315635,Spider-Man: Homecoming,Action;Adventure;Science Fiction
822119,Captain America: Brave New World,Action;Thriller;Science Fiction
1230368,Springsteen: Deliver Me from Nowhere,Drama;Music
20526,TRON: Legacy,Adventure;Action;Science Fiction
1155281,Creation of the Gods II: Demon Force,Action;Fantasy;War
1377413,St. Patrick's Day Massacre,Horror
967941,Wicked: For Good,Romance;Fantasy;Adventure
637649,Wrath of Man,Thriller;Crime;Drama
1029575,The Family Plan,Action;Comedy;Family
1241921,A Big Bold Beautiful Journey,Romance;Fantasy;Drama
1011985,Kung Fu Panda 4,Animation;Family;Action;Comedy;Adventure;Fantasy
948,Halloween,Horror;Thriller
1244953,Trust,Thriller
1185528,Legends of the Condor Heroes: The Gallants,Action;Drama;History
790462,I.S.S.,Science Fiction;Thriller
1064213,Anora,Drama;Comedy;Romance
675,Harry Potter and the Order of the Phoenix,Adventure;Fantasy
862,Toy Story,Family;Comedy;Animation;Adventure
1086548,Vera and the Pleasure of Others,Comedy;Drama
228150,Fury,War;Drama;Action
2062,Ratatouille,Animation;Comedy;Family;Fantasy
361743,Top Gun: Maverick,Action;Drama
4247,Scary Movie,Comedy
150689,Cinderella,Romance;Fantasy;Family;Drama
870360,The Day the Earth Blew Up: A Looney Tunes Movie,Family;Comedy;Adventure;Animation;Science Fiction
285,Pirates of the Caribbean: At World's End,Adventure;Fantasy;Action
273477,Scouts Guide to the Zombie Apocalypse,Comedy;Horror
1492108,Kandungan,Romance;Drama
425,Ice Age,Animation;Comedy;Family;Adventure
585,"Monsters, Inc.",Animation;Comedy;Family
569094,Spider-Man: Across the Spider-Verse,Animation;Action;Adventure;Science Fiction
1100782,Smile 2,Horror;Mystery
937941,Shelby Oaks,Horror;Mystery
346698,Barbie,Comedy;Adventure
348,Alien,Horror;Science Fiction
1202479,Opus,Horror;Mystery;Thriller
13,Forrest Gump,Comedy;Drama;Romance
680,Pulp Fiction,Thriller;Crime;Comedy
337167,Fifty Shades Freed,Drama;Romance
1245993,Caught Stealing,Crime;Thriller;Comedy
713364,Clown in a Cornfield,Horror;Mystery;Thriller
210577,Gone Girl,Mystery;Thriller;Drama
372058,Your Name.,Animation;Romance;Drama
106,Predator,Science Fiction;Action;Adventure;Thriller
290098,The Handmaiden,Thriller;Drama;Romance
98566,Teenage Mutant Ninja Turtles,Science Fiction;Action;Adventure;Comedy
693134,Dune: Part Two,Science Fiction;Adventure
762509,Mufasa: The Lion King,Adventure;Family;Animation
814662,Kakushigoto Theatrical Edition,Animation;Comedy
1400782,The Perfect Neighbor,Documentary;Thriller;Crime
843527,The Idea of You,Romance;Drama;Comedy
423108,The Conjuring: The Devil Made Me Do It,Horror;Mystery;Thriller
1498658,Mantis,
162,Edward Scissorhands,Fantasy;Drama;Romance
1087891,The Amateur,Thriller;Action
436969,The Suicide Squad,Action;Comedy;Adventure
11,Star Wars,Adventure;Action;Science Fiction
506763,Detective Dee: The Four Heavenly Kings,Action;Fantasy;Adventure;Mystery
1106289,The Pickup,Action;Comedy;Crime
1242434,Highest 2 Lowest,Thriller;Crime;Drama
1029281,Strange Darling,Crime;Horror;Thriller
240,The Godfather Part II,Drama;Crime
10138,Iron Man 2,Adventure;Action;Science Fiction
694,The Shining,Horror;Thriller
156022,The Equalizer,Thriller;Action;Crime
829560,The Next 365 Days,Romance;Drama
823464,Godzilla x Kong: The New Empire,Action;Adventure;Science Fiction
414906,The Batman,Crime;Mystery;Thriller
1312946,The Map That Leads to You,Romance;Drama
1051486,Stockholm Bloodbath,Action;History;Drama;Adventure;War
177572,Big Hero 6,Adventure;Family;Animation;Action;Comedy
1319895,Hostile Takeover,Action;Comedy;Thriller
30484,Warrior Queen,Action;History;Adventure
652,Troy,War;Action;History
121,The Lord of the Rings: The Two Towers,Adventure;Fantasy;Action
557,Spider-Man,Action;Science Fiction
615457,Nobody,Action;Thriller
425274,Now You See Me: Now You Don't,Thriller;Crime;Mystery
12444,Harry Potter and the Deathly Hallows: Part 1,Adventure;Fantasy
866398,The Beekeeper,Action;Crime;Thriller
497,The Green Mile,Fantasy;Drama;Crime
809,Shrek 2,Animation;Family;Comedy;Fantasy;Adventure;Romance
650498,Twittering Birds Never Fly: The Clouds Gather,Animation;Drama
122917,The Hobbit: The Battle of the Five Armies,Action;Adventure;Fantasy
648878,Eddington,Western;Comedy;Crime
603692,John Wick: Chapter 4,Action;Thriller;Crime
324857,Spider-Man: Into the Spider-Verse,Animation;Action;Adventure;Science Fiction
1369679,Get Fast,Action;Crime;Thriller
558449,Gladiator II,Action;Adventure;Drama
854,The Mask,Romance;Comedy;Crime;Fantasy
1265344,Swiped,History;Drama
49026,The Dark Knight Rises,Action;Crime;Drama;Thriller
1265344,Swiped,History;Drama
49026,The Dark Knight Rises,Action;Crime;Drama;Thriller
1044736,I Swear,Drama
426063,Nosferatu,Horror;Fantasy
1164355,Lembayung,Horror;Thriller
1408208,Exit 8,Horror;Mystery;Thriller
566263,A Christmas Tree,Animation;Family;Fantasy
1278950,The Ritual,Horror;Drama;Thriller
559,Spider-Man 3,Action;Adventure;Science Fiction
259693,The Conjuring 2,Horror
1579,Apocalypto,Action;Drama;History
767,Harry Potter and the Half-Blood Prince,Adventure;Fantasy
1285965,Dangerous Animals,Horror;Thriller
8587,The Lion King,Family;Animation;Drama;Adventure
1477114,Sorority,Drama;Romance
792307,Poor Things,Science Fiction;Romance;Comedy
1426776,STRAW,Thriller;Drama;Crime
1726,Iron Man,Action;Science Fiction;Adventure
38757,Tangled,Animation;Family;Adventure
786892,Furiosa: A Mad Max Saga,Action;Science Fiction;Adventure
1241436,Warfare,War;Action
16869,Inglourious Basterds,Drama;Thriller;War
68721,Iron Man 3,Action;Adventure;Science Fiction
1440,Little Children,Drama;Romance
957119,Sidelined: The QB and Me,Comedy;Romance
502356,The Super Mario Bros. Movie,Family;Comedy;Adventure;Animation;Fantasy
769,GoodFellas,Drama;Crime
98,Gladiator,Action;Drama;Adventure
1549457,Gypsy Moon,Fantasy;Thriller
953,Madagascar,Family;Animation;Adventure;Comedy
387848,Buddy's Mom,Drama;Romance
150540,Inside Out,Animation;Family;Adventure;Drama;Comedy
1319965,All of You,Romance;Drama
335984,Blade Runner 2049,Science Fiction;Drama
146233,Prisoners,Drama;Thriller;Crime
12155,Alice in Wonderland,Family;Fantasy;Adventure
297762,Wonder Woman,Action;Adventure;Fantasy
534490,Avengement,Crime;Action
4935,Howl's Moving Castle,Fantasy;Animation;Adventure
272,Batman Begins,Drama;Crime;Action
272,Batman Begins,Drama;Crime;Action
1195631,William Tell,Action;Adventure;Drama;History
1232546,Until Dawn,Horror;Mystery
866678,Furioza,Action;Crime;Drama
73861,A Serbian Film,Crime;Horror;Thriller
12445,Harry Potter and the Deathly Hallows: Part 2,Fantasy;Adventure
976573,Elemental,Family;Fantasy;Comedy;Romance;Animation
396535,Train to Busan,Horror;Thriller;Action;Adventure
663712,Terrifier 2,Horror;Thriller
475557,Joker,Crime;Thriller;Drama
939335,Muzzle,Action;Thriller
244786,Whiplash,Drama;Music
14160,Up,Animation;Comedy;Family;Adventure
299534,Avengers: Endgame,Adventure;Science Fiction;Action
10192,Shrek Forever After,Comedy;Adventure;Fantasy;Animation;Family
270303,It Follows,Horror;Mystery
1300116,Fall for Me,Romance;Thriller
447365,Guardians of the Galaxy Vol. 3,Science Fiction;Adventure;Action;Comedy
573435,Bad Boys: Ride or Die,Action;Comedy;Crime;Thriller;Adventure
1357633,Solo Leveling -ReAwakening-,Action;Adventure;Fantasy;Animation
1930,The Amazing Spider-Man,Action;Adventure;Science Fiction
930094,"Red, White & Royal Blue",Comedy;Romance
37165,The Truman Show,Comedy;Drama
97,Tron,Science Fiction;Action;Adventure
4248,Scary Movie 2,Comedy
1429750,Everybody Loves Me When I'm Dead,Thriller;Crime;Drama
18785,The Hangover,Comedy
324786,Hacksaw Ridge,Drama;History;War
424,Schindler's List,Drama;History;War
12153,White Chicks,Comedy;Crime
46529,I Am Number Four,Action;Thriller;Science Fiction;Adventure
90980,On Our Merry Way,Comedy;Music;Romance
144069,The Corruption,Drama;Romance
12201,Edge of Darkness,Crime;Drama;Mystery;Thriller
1289936,Downton Abbey: The Grand Finale,Drama;Romance
1367575,A Line of Fire,Action;Thriller
47971,xXx: Return of Xander Cage,Action;Adventure;Crime
1252428,Anaconda,Adventure;Horror;Thriller
508947,Turning Red,Animation;Family;Comedy;Fantasy
1124619,Bride Hard,Action;Comedy
207,Dead Poets Society,Drama
1375402,Bitter Souls,Horror
80295,14 and Under,Comedy;Romance
1241752,Rita,Drama
1190511,Sitaare Zameen Par,Comedy;Drama
39254,Real Steel,Action;Science Fiction;Drama
257344,Pixels,Action;Comedy;Science Fiction;Fantasy
653346,Kingdom of the Planet of the Apes,Science Fiction;Adventure;Action;Drama;Thriller
75656,Now You See Me,Thriller;Crime
270946,Penguins of Madagascar,Family;Animation;Adventure;Comedy
1289888,French Lover,Romance;Comedy
1307363,Sniper Elite: Nano Crisis,Action;Crime
1267628,Wahyu,Drama;Thriller
1447287,Donde tú quieras,Action
439079,The Nun,Horror
315162,Puss in Boots: The Last Wish,Animation;Adventure;Fantasy;Comedy;Family
74,War of the Worlds,Adventure;Thriller;Science Fiction
1813,The Devil's Advocate,Drama;Mystery;Horror
1064307,Spermageddon,Animation;Adventure;Fantasy;Comedy
131631,The Hunger Games: Mockingjay - Part 1,Science Fiction;Adventure;Thriller
1813,The Devil's Advocate,Drama;Mystery;Horror
1064307,Spermageddon,Animation;Adventure;Fantasy;Comedy
131631,The Hunger Games: Mockingjay - Part 1,Science Fiction;Adventure;Thriller
12,Finding Nemo,Animation;Family
818647,Through My Window,Romance;Drama;Comedy
293660,Deadpool,Action;Adventure;Comedy
10191,How to Train Your Dragon,Fantasy;Adventure;Animation;Family
588228,The Tomorrow War,Action;Science Fiction;Adventure
1157680,All Shall Be Well,Drama
49521,Man of Steel,Action;Adventure;Science Fiction
1290213,404 Run Run,Comedy;Horror
111,Scarface,Action;Crime;Drama
1111873,Abigail,Horror;Thriller
758923,Baaghi 4,Action;Thriller;Drama;Crime
585083,Hotel Transylvania: Transformania,Animation;Comedy;Family;Adventure;Fantasy
99861,Avengers: Age of Ultron,Action;Adventure;Science Fiction
1340355,Under Ninja,Action
753342,Napoleon,History;War;Romance
939099,swingers ZwingerZ,Documentary;Romance;Drama
296096,Me Before You,Drama;Romance
324544,In the Lost Lands,Action;Fantasy;Adventure
76492,Hotel Transylvania,Animation;Comedy;Family;Fantasy
539,Psycho,Horror;Thriller;Mystery
504056,Big Brother,Action;Drama;Comedy
70196,The Veteran,Action;Crime;Thriller
170,28 Days Later,Horror;Thriller;Science Fiction
102382,The Amazing Spider-Man 2,Action;Adventure;Science Fiction
218,The Terminator,Action;Thriller;Science Fiction
329865,Arrival,Drama;Science Fiction;Mystery
1492608,John Candy: I Like Me,Documentary
949,Heat,Crime;Drama;Action
575264,Mission: Impossible - Dead Reckoning Part One,Action;Adventure;Thriller
10625,Mean Girls,Drama;Comedy
857,Saving Private Ryan,Drama;History;War
957452,The Crow,Action;Fantasy;Horror
335983,Venom,Science Fiction;Action
489,Good Will Hunting,Drama
1468057,GATAO: Big Brothers,Crime;Action
298618,The Flash,Adventure;Action;Science Fiction
1319972,Don't Let's Go to the Dogs Tonight,Drama
1550223,The Time That Remains,Drama;Romance;Fantasy
11324,Shutter Island,Drama;Thriller;Mystery
1307078,My Oxford Year,Romance;Comedy;Drama
10585,Child's Play,Horror
62177,Brave,Animation;Adventure;Comedy;Family;Action;Fantasy
38055,Megamind,Animation;Action;Comedy;Family;Science Fiction
38365,Grown Ups,Comedy
545611,Everything Everywhere All at Once,Action;Adventure;Science Fiction
1246369,Samurai Fury,Action;Drama
68718,Django Unchained,Drama;Western
1339658,"Oh, Hi!",Romance;Comedy
745,The Sixth Sense,Mystery;Thriller;Drama
863,Toy Story 2,Animation;Comedy;Family
668489,Havoc,Action;Crime;Thriller
438695,Sing 2,Family;Comedy;Music;Animation
670,Oldboy,Drama;Thriller;Mystery;Action
522938,Rambo: Last Blood,Action;Thriller;Drama
16871,Drag Me to Hell,Horror;Thriller
578,Jaws,Horror;Thriller;Adventure
613504,After We Collided,Romance;Drama
377,A Nightmare on Elm Street,Horror
1322752,COLORFUL STAGE! The Movie: A Miku Who Can't Sing,Animation;Music;Drama;Science Fiction
605722,Long Distance,Science Fiction;Comedy;Action
49013,Cars 2,Animation;Family;Adventure;Comedy
493922,Hereditary,Horror;Mystery;Thriller
348893,Boyka: Undisputed IV,Action;Drama;Thriller
390635,Fate/stay night: Heaven's Feel III. Spring Song,Animation;Romance;Fantasy;Action;Drama
568124,Encanto,Animation;Comedy;Family;Fantasy
429617,Spider-Man: Far From Home,Action;Adventure;Science Fiction
801335,Girl in the Basement,Thriller;Crime;TV Movie
11544,Lilo & Stitch,Animation;Family;Comedy
1267116,Bad Man,Action;Comedy;Crime
1126166,Flight Risk,Action;Thriller
646385,Scream,Horror;Mystery
1244492,Look Back,Animation;Drama
629542,The Bad Guys,Family;Comedy;Crime;Adventure;Animation;Action
846422,The Old Guard 2,Action;Fantasy
564,The Mummy,Adventure;Action;Fantasy
748783,The Garfield Movie,Family;Comedy;Adventure;Animation
9552,The Exorcist,Horror
13186,Wrong Turn 2: Dead End,Horror;Thriller
940551,Migration,Family;Comedy;Adventure;Animation
3036,Mary Shelley's Frankenstein,Drama;Horror;Science Fiction;Romance
101,Léon: The Professional,Crime;Drama;Action
1484453,Snoopy Presents: A Summer Musical,Animation;Family;Music;Comedy
420634,Terrifier,Horror;Thriller
9532,Final Destination,Horror
1239193,Deep Cover,Action;Comedy;Crime
718930,Bullet Train,Action;Comedy;Thriller
1091,The Thing,Horror;Mystery;Science Fiction
205596,The Imitation Game,History;Drama;Thriller;War
1249289,Alarum,Action;Crime;Thriller
99984,Rosie Dixon - Night Nurse,Comedy
10674,Mulan,Animation;Family;Adventure
1471345,Homo Argentum,Comedy
1398911,East of Wall,Drama;Western
679,Aliens,Action;Thriller;Science Fiction
10193,Toy Story 3,Animation;Family;Comedy
128,Princess Mononoke,Adventure;Fantasy;Animation
760104,X,Horror;Thriller
760104,X,Horror;Thriller
324552,John Wick: Chapter 2,Action;Thriller;Crime
581528,"The Gangster, the Cop, the Devil",Crime;Action;Thriller
109418,Grown Ups 2,Comedy
508442,Soul,Animation;Family;Comedy;Fantasy;Drama
49051,The Hobbit: An Unexpected Journey,Adventure;Fantasy;Action
50014,The Help,Drama
914215,Humane,Horror;Science Fiction;Thriller
76341,Mad Max: Fury Road,Action;Adventure;Science Fiction
536554,M3GAN,Science Fiction;Horror
550988,Free Guy,Comedy;Adventure;Science Fiction
20352,Despicable Me,Family;Comedy;Animation;Science Fiction
82507,Sinister,Horror;Thriller;Mystery
70981,Prometheus,Science Fiction;Adventure;Mystery
45933,The Nurse on a Military Tour,Comedy
260514,Cars 3,Animation;Adventure;Comedy;Family
242582,Nightcrawler,Crime;Drama;Thriller
337404,Cruella,Comedy;Crime;Adventure
519465,Queen of Hearts,Drama
1097549,Babygirl,Drama;Romance
1337562,Splitsville,Comedy
419430,Get Out,Mystery;Thriller;Horror
1035048,Elevation,Action;Science Fiction;Thriller
549509,The Brutalist,Drama;History
4011,Beetlejuice,Fantasy;Comedy
8681,Taken,Action;Thriller
1139566,Through My Window 3: Looking at You,Romance;Drama;Comedy
1140535,Presence,Horror;Thriller;Drama
283995,Guardians of the Galaxy Vol. 2,Science Fiction;Adventure;Action
842924,The Life of Chuck,Fantasy;Drama
1265063,After the Hunt,Drama;Thriller
1290182,You Are the Apple of My Eye,Romance;Drama;Comedy
1076897,Kaamelott: The Second Chapter (Part I),Adventure;Fantasy;Comedy;History
360920,The Grinch,Family;Comedy;Animation
118,Charlie and the Chocolate Factory,Adventure;Comedy;Family;Fantasy
424139,Halloween,Horror;Thriller
8839,Casper,Fantasy;Comedy;Family
974397,My Freaky Family,Animation;Family;Fantasy
660033,How I Became a Gangster,Crime;Action
79871,Crazy Love,Comedy;Romance;Drama
11932,Bride of Chucky,Horror;Comedy
166428,How to Train Your Dragon: The Hidden World,Animation;Family;Adventure
11036,The Notebook,Romance;Drama
868759,Ghosted,Action;Comedy;Romance
772,Home Alone 2: Lost in New York,Comedy;Family;Adventure
176,Saw,Horror;Mystery;Crime
299054,Expend4bles,Action;Adventure;Thriller
77,Memento,Mystery;Thriller
639988,No Other Choice,Crime;Thriller;Comedy
4951,10 Things I Hate About You,Comedy;Romance;Drama
10195,Thor,Adventure;Fantasy;Action
1072890,The Traveller,Action;Fantasy
1302318,A Woman with No Filter,Comedy
760329,The Smashing Machine,History;Drama
128,Princess Mononoke,Adventure;Fantasy;Animation
934433,Scream VI,Horror;Crime;Thriller
507089,Five Nights at Freddy's,Horror;Thriller
105825,Erotic Ghost Story III,Horror;Drama;Fantasy
1096638,In the Sub for Love,Comedy;Romance
10020,Beauty and the Beast,Romance;Family;Animation;Fantasy
271110,Captain America: Civil War,Adventure;Action;Science Fiction
800378,Chikan Densha: OL Kando Kurabe,
110415,Snowpiercer,Action;Science Fiction;Drama
619979,Deep Water,Drama;Mystery;Thriller
9769,Lolita,Drama;Romance
8392,My Neighbor Totoro,Fantasy;Animation;Family
286217,The Martian,Drama;Adventure;Science Fiction
441694,West Side Stories: The Making of a Classic,Documentary
127585,X-Men: Days of Future Past,Action;Adventure;Science Fiction
821792,Bull,Crime;Horror;Thriller
9502,Kung Fu Panda,Animation;Family;Comedy;Action;Adventure
1118031,Apocalypse Z: The Beginning of the End,Drama;Action;Horror
68726,Pacific Rim,Action;Science Fiction;Adventure
112160,Sexual Chronicles of a French Family,Comedy;Drama;Romance
791373,Zack Snyder's Justice League,Action;Adventure;Fantasy
882598,Smile,Horror;Mystery
280,Terminator 2: Judgment Day,Action;Thriller;Science Fiction
1083420,Adulthood,Comedy;Crime;Drama;Mystery
546554,Knives Out,Comedy;Crime;Mystery
62213,Dark Shadows,Comedy;Fantasy
546554,Knives Out,Comedy;Crime;Mystery
62213,Dark Shadows,Comedy;Fantasy
620,Ghostbusters,Comedy;Fantasy
508883,The Boy and the Heron,Animation;Adventure;Fantasy;Family;Drama
766507,Prey,Thriller;Action;Science Fiction
696506,Mickey 17,Science Fiction;Comedy;Adventure
102651,Maleficent,Fantasy;Adventure;Action;Family;Romance
810,Shrek the Third,Fantasy;Adventure;Animation;Comedy;Family
80741,Initial D: Third Stage,Action;Animation;Romance
490132,Green Book,Drama;Comedy;History
1398911,East of Wall,Drama;Western
2907,The Addams Family,Comedy;Fantasy
66485,Viva Max!,Comedy
512200,Jumanji: The Next Level,Adventure;Comedy;Fantasy
916224,Suzume,Animation;Drama;Adventure;Fantasy
240832,Lucy,Action;Science Fiction
1114967,Good Fortune,Comedy;Fantasy
228326,The Book of Life,Animation;Adventure;Comedy;Family;Fantasy
1566841,Denzel Washington: Falling Forward,Documentary
93456,Despicable Me 2,Animation;Comedy;Family
577922,Tenet,Action;Thriller;Science Fiction
1242404,Steve,Drama
968051,The Nun II,Horror
1201262,Grafted,Horror
640,Catch Me If You Can,Drama;Crime
7485,Shooter,Drama;Action;Thriller
453395,Doctor Strange in the Multiverse of Madness,Fantasy;Action;Adventure
917496,Beetlejuice Beetlejuice,Comedy;Fantasy;Horror
811941,Devara: Part 1,Action;Drama
9297,Monster House,Animation;Comedy;Family;Fantasy
8363,Superbad,Comedy
281957,The Revenant,Western;Drama;Adventure
1263256,Happy Gilmore 2,Comedy
1008042,Talk to Me,Horror
158852,Tomorrowland,Adventure;Family;Mystery;Science Fiction
1200320,Killing Faith,Thriller;Western
209112,Batman v Superman: Dawn of Justice,Action;Adventure;Fantasy
512198,Dead Bride,Horror;Thriller
501989,Ode to Joy,Comedy;Drama;Romance
249397,Nymphomaniac: Vol. II,Drama;Mystery
512198,Dead Bride,Horror;Thriller
501989,Ode to Joy,Comedy;Drama;Romance
249397,Nymphomaniac: Vol. II,Drama;Mystery
77338,The Intouchables,Drama;Comedy
242,The Godfather Part III,Crime;Drama;Thriller
562,Die Hard,Action;Thriller
1242419,Roofman,Crime;Drama;Comedy
9753,Three,Adventure;Drama;Thriller
78,Blade Runner,Science Fiction;Drama;Thriller
607,Men in Black,Action;Adventure;Comedy;Science Fiction
287649,Scarlet Innocence,Thriller;Drama;Romance
73723,The Lorax,Animation;Family
10867,Malena,Drama
214756,Ted 2,Comedy;Fantasy
1512581,No Tears in Hell,Horror;Crime;Thriller
35,The Simpsons Movie,Animation;Comedy;Family
985939,Fall,Thriller
744275,After We Fell,Romance;Drama
9792,The Hills Have Eyes,Horror;Thriller
267,Live Flesh,Drama;Romance;Thriller
566525,Shang-Chi and the Legend of the Ten Rings,Action;Adventure;Fantasy
1084736,The Count of Monte Cristo,Adventure;Action;Drama
787699,Wonka,Comedy;Family;Fantasy
8871,How the Grinch Stole Christmas,Family;Comedy
616,The Last Samurai,Drama;Action;War
666277,Past Lives,Drama;Romance
930564,Saltburn,Drama;Comedy;Thriller
1402,The Pursuit of Happyness,Drama
675353,Sonic the Hedgehog 2,Action;Adventure;Family;Comedy
82702,How to Train Your Dragon 2,Fantasy;Action;Adventure;Animation;Comedy;Family
307081,Southpaw,Action;Drama
9637,Scooby-Doo,Mystery;Adventure;Comedy
1515395,Lego Disney Princess: Villains Unite,Animation;Comedy;Fantasy;Adventure;Family
48579,My Sister in Law,Comedy
1017163,The Roundup: Punishment,Action;Crime;Thriller;Comedy
1226578,Longlegs,Crime;Horror;Thriller
1495,Kingdom of Heaven,Drama;Action;Adventure;History;War
7446,Tropic Thunder,Action;Comedy;Adventure;War
321612,Beauty and the Beast,Family;Fantasy;Romance
11013,Secretary,Romance;Drama;Comedy
11013,Secretary,Romance;Drama;Comedy
820525,After Everything,Romance;Drama
4257,Scary Movie 4,Comedy
32657,Percy Jackson & the Olympians: The Lightning Thief,Adventure;Fantasy;Family
1302011,Init,Drama
2105,American Pie,Comedy;Romance
7345,There Will Be Blood,Drama
135397,Jurassic World,Action;Adventure;Science Fiction;Thriller
45243,The Hangover Part II,Comedy
929590,Civil War,War;Action;Drama
1359,American Psycho,Thriller;Drama;Crime
843,In the Mood for Love,Drama;Romance
4256,Scary Movie 3,Comedy
1287536,Dora and the Search for Sol Dorado,Family;Comedy;Adventure
10198,The Princess and the Frog,Animation;Romance;Fantasy;Family
561,Constantine,Fantasy;Action;Horror
1191618,Las nubes,Thriller
1241894,Woodwalkers,Family;Fantasy
926393,The Equalizer 3,Action;Thriller;Crime
195757,The Ultimate Life,Drama;Romance
57158,The Hobbit: The Desolation of Smaug,Fantasy;Adventure;Action
642885,Hocus Pocus 2,Fantasy;Comedy;Family
1374534,Almost Cops,Action;Comedy;Crime;Mystery
602223,The Forever Purge,Action;Horror;Thriller
1124,The Prestige,Drama;Mystery;Science Fiction
1476453,Kirot,Drama
840705,Blink Twice,Mystery;Thriller
61791,Rise of the Planet of the Apes,Thriller;Action;Drama;Science Fiction
1427,Perfume: The Story of a Murderer,Crime;Fantasy;Drama
937287,Challengers,Drama;Romance
24,Kill Bill: Vol. 1,Action;Crime
740903,The Unhealer,Fantasy;Thriller;Horror
166426,Pirates of the Caribbean: Dead Men Tell No Tales,Adventure;Action;Fantasy
1138194,Heretic,Horror;Thriller
184345,A Haunted House 2,Comedy;Horror
168259,Furious 7,Action;Crime;Thriller
507086,Jurassic World Dominion,Adventure;Action;Science Fiction
1159311,My Hero Academia: You're Next,Animation;Action;Adventure;Science Fiction
9358,Final Destination 2,Horror;Mystery
19994,Jennifer's Body,Horror;Comedy
1159311,My Hero Academia: You're Next,Animation;Action;Adventure;Science Fiction
9358,Final Destination 2,Horror;Mystery
19994,Jennifer's Body,Horror;Comedy
580489,Venom: Let There Be Carnage,Science Fiction;Action;Adventure
1371189,Ruth & Boaz,Romance;Drama;Music
1003596,Avengers: Doomsday,Science Fiction
49049,Dredd,Action;Science Fiction
1127110,Diablo,Action;Thriller;Crime
1336473,Cholo Zombies,Horror;Comedy
27,9 Songs,Drama;Music;Romance
34851,Predators,Science Fiction;Action;Thriller
346910,The Predator,Science Fiction;Action;Thriller
713704,Evil Dead Rise,Horror;Thriller
1083637,Kantara: Chapter 1,Action;Thriller
1233069,Exterritorial,Thriller;Action
389614,The Hidden Child,Crime;Drama;Mystery;Thriller
1389158,Maa,Horror
667538,Transformers: Rise of the Beasts,Science Fiction;Adventure;Action
1149504,Honey Don't!,Comedy;Crime
508943,Luca,Animation;Comedy;Fantasy;Adventure;Family
204082,Homefront,Action;Thriller
72559,G.I. Joe: Retaliation,Action;Science Fiction;Adventure;Thriller
420818,The Lion King,Adventure;Drama;Family;Animation
370172,No Time to Die,Action;Thriller;Adventure
12103,Don't Say a Word,Thriller;Mystery
1114967,Good Fortune,Comedy;Fantasy
350,The Devil Wears Prada,Drama;Comedy
601,E.T. the Extra-Terrestrial,Science Fiction;Adventure;Family;Fantasy
1315986,Man with No Past,Action;Drama
333339,Ready Player One,Adventure;Action;Science Fiction
1219620,All That's Left of You,Drama
585511,Luck,Animation;Adventure;Comedy;Fantasy
42337,Beau Pere,Drama;Romance
698687,Transformers One,Animation;Science Fiction;Adventure;Family
1215106,Kogaloak : The Ghastly Village,Comedy;Horror;Thriller
799583,The Ministry of Ungentlemanly Warfare,Action;Comedy;War
82690,Wreck-It Ralph,Family;Animation;Comedy;Adventure
940721,Godzilla Minus One,Science Fiction;Horror;Action
820232,Demon Slayer: Kimetsu no Yaiba — Sibling's Bond,Animation;Action;Fantasy;Thriller
840326,Sisu,Action;War
6479,I Am Legend,Drama;Science Fiction;Thriller
1119377,Xeno,Adventure;Drama;Mystery;Science Fiction
301528,Toy Story 4,Family;Comedy;Animation;Adventure
416093,Thunder Ninja Kids in the Golden Adventure,Fantasy;Action;Comedy
11224,Cinderella,Family;Fantasy;Animation;Romance
591,The Da Vinci Code,Thriller;Mystery
1422,The Departed,Drama;Thriller;Crime
5879,In the Realm of the Senses,Drama;Romance
9286,Final Destination 3,Horror;Mystery
593643,The Menu,Comedy;Horror;Thriller
103,Taxi Driver,Crime;Drama
114,Pretty Woman,Romance;Comedy
510,One Flew Over the Cuckoo's Nest,Drama
383498,Deadpool 2,Action;Comedy;Adventure
49018,Insidious,Horror;Thriller
1557977,Turn of the Tide: The Surreal Story of Rabo de Peixe,Documentary;Crime
447332,A Quiet Place,Horror;Drama;Science Fiction
46195,Rio,Animation;Adventure;Comedy;Family
254,King Kong,Adventure;Drama;Action
81005,Jack the Giant Slayer,Fantasy;Action;Adventure;Drama
526896,Morbius,Action;Science Fiction;Fantasy
588,Silent Hill,Horror;Mystery
521029,Annabelle Comes Home,Horror
1195506,Novocaine,Action;Comedy;Thriller
4233,Scream 2,Horror;Mystery
1014590,Upgraded,Romance;Comedy
115290,Blue Lagoon: The Awakening,Drama;Adventure;Romance;TV Movie
335977,Indiana Jones and the Dial of Destiny,Adventure;Action
624860,The Matrix Resurrections,Science Fiction;Action;Adventure
530254,The Witch: Part 1. The Subversion,Action;Mystery;Science Fiction
974576,Conclave,Drama;Thriller
1265,Bridge to Terabithia,Adventure;Drama;Family
12429,Ponyo,Animation;Fantasy;Family
630,The Wizard of Oz,Adventure;Fantasy;Family
616037,Thor: Love and Thunder,Fantasy;Action;Comedy
870270,My Wife's Sister 3,Drama;Romance
7131,Van Helsing,Horror;Adventure;Action
345,Eyes Wide Shut,Drama;Thriller;Mystery
36557,Casino Royale,Adventure;Action;Thriller
8835,Legally Blonde,Comedy;Romance
11688,The Emperor's New Groove,Adventure;Animation;Comedy;Family;Fantasy
345,Eyes Wide Shut,Drama;Thriller;Mystery
36557,Casino Royale,Adventure;Action;Thriller
8835,Legally Blonde,Comedy;Romance
1005331,Carry-On,Thriller;Action
10494,Perfect Blue,Animation;Thriller
729679,Toma,Drama;Music;History
378064,A Silent Voice: The Movie,Animation;Drama;Romance
263472,Knock Knock,Crime;Horror;Thriller
2109,Rush Hour,Action;Comedy;Crime
604685,Den of Thieves 2: Pantera,Action;Crime;Thriller
77174,ParaNorman,Family;Animation;Adventure;Comedy
639720,IF,Comedy;Fantasy;Family
13448,Angels & Demons,Thriller;Mystery
81,Nausicaä of the Valley of the Wind,Adventure;Animation;Fantasy
184315,Hercules,Action;Adventure
71672,Wrong Turn 4: Bloody Beginnings,Horror;Thriller
158015,The Purge,Science Fiction;Horror;Thriller
10555,Shark Tale,Animation;Action;Comedy;Family
747,Shaun of the Dead,Horror;Comedy
429,"The Good, the Bad and the Ugly",Western
982843,The Great Flood,Science Fiction;Action;Adventure
7512,Idiocracy,Comedy;Science Fiction;Adventure
1153714,Death of a Unicorn,Horror;Fantasy;Comedy
715253,Phantom,Action;Thriller;Crime
1429739,Gold Rush Gang,Action;Comedy;Drama;Western
787,Mr. & Mrs. Smith,Action;Comedy;Drama;Thriller
572802,Aquaman and the Lost Kingdom,Action;Adventure;Fantasy
1058537,Angels Fallen: Warriors of Peace,Horror;Action;Fantasy;Adventure
2758,Addams Family Values,Comedy;Family;Fantasy
746036,The Fall Guy,Action;Comedy;Romance
85,Raiders of the Lost Ark,Adventure;Action
10144,The Little Mermaid,Animation;Family;Fantasy
122906,About Time,Drama;Romance;Fantasy
1181540,Guns Up,Action;Comedy;Crime
119450,Dawn of the Planet of the Apes,Science Fiction;Action;Drama;Thriller
17128,Hanzo the Razor: The Snare,History;Action;Drama
1075794,Leo,Animation;Comedy;Family
5255,The Polar Express,Animation;Adventure;Family;Fantasy
615173,The Witch: Part 2. The Other One,Action;Mystery;Thriller;Science Fiction
4348,Pride & Prejudice,Drama;Romance
9645,Ghost Ship,Horror;Mystery;Thriller
2082,Halloween,Horror
1310879,Bajo un volcán,Romance;Drama;Adventure
950,Ice Age: The Meltdown,Animation;Family;Comedy;Adventure
49444,Kung Fu Panda 2,Animation;Family;Comedy
1297763,Batman Ninja vs. Yakuza League,Animation;Action;Science Fiction
602,Independence Day,Action;Adventure;Science Fiction
639933,The Northman,Action;Adventure;Fantasy
637,Life Is Beautiful,Comedy;Drama
1032448,Jurassic Triangle,Horror;Action;Science Fiction
10591,The Girl Next Door,Comedy;Romance
752,V for Vendetta,Action;Thriller;Science Fiction
979,Irreversible,Drama;Thriller;Crime
645710,The Voyeurs,Thriller
157350,Divergent,Action;Adventure;Science Fiction
1278,The Dreamers,Drama;Romance
302946,The Accountant,Crime;Thriller;Drama
1131759,Omniscient Reader: The Prophecy,Action;Adventure;Fantasy
920,Cars,Animation;Adventure;Comedy;Family
241259,Alice Through the Looking Glass,Adventure;Family;Fantasy
7555,Rambo,Action;Thriller;War
330457,Frozen II,Family;Animation;Adventure;Comedy;Fantasy
2675,Signs,Drama;Thriller;Science Fiction;Mystery
719221,Tarot,Horror
1443260,Rob1n,Horror;Thriller
466272,Once Upon a Time... in Hollywood,Comedy;Drama;Thriller
163,Ocean's Twelve,Thriller;Crime
1562,28 Weeks Later,Horror;Thriller;Science Fiction
50620,The Twilight Saga: Breaking Dawn - Part 2,Adventure;Fantasy;Drama;Romance
11836,The SpongeBob SquarePants Movie,Family;Comedy;Adventure;Animation
206647,Spectre,Action;Adventure;Thriller
11770,Shaolin Soccer,Action;Comedy
284053,Thor: Ragnarok,Action;Adventure;Science Fiction
1088166,Relay,Thriller
339403,Baby Driver,Action;Crime
810693,Jujutsu Kaisen 0,Animation;Action;Fantasy
530915,1917,War;History;Drama;Action
284054,Black Panther,Action;Adventure;Science Fiction
1114513,Speak No Evil,Horror;Thriller
810693,Jujutsu Kaisen 0,Animation;Action;Fantasy
530915,1917,War;History;Drama;Action
284054,Black Panther,Action;Adventure;Science Fiction
1114513,Speak No Evil,Horror;Thriller
286687,Love Lesson,Romance;Drama;Comedy
1032823,Trap,Crime;Horror;Mystery;Thriller
2322,Sneakers,Comedy;Crime;Drama
62,2001: A Space Odyssey,Science Fiction;Mystery;Adventure
896536,The Legend of Ochi,Family;Fantasy;Adventure
9100,The Craft,Horror;Drama;Fantasy
97370,Under the Skin,Thriller;Science Fiction;Drama
73,American History X,Drama
50619,The Twilight Saga: Breaking Dawn - Part 1,Adventure;Fantasy;Romance
412092,Mom's Friend 2,Romance
442249,The First Purge,Action;Horror;Thriller
14161,2012,Action;Adventure;Science Fiction
402900,Ocean's Eight,Crime;Comedy;Action
9487,A Bug's Life,Family;Animation;Adventure;Comedy;Drama
193893,Let's Be Cops,Comedy
976893,Perfect Days,Drama
380,Rain Man,Drama
12092,Alice in Wonderland,Animation;Family;Fantasy;Adventure
851644,20th Century Girl,Romance;Drama
9802,The Rock,Action;Adventure;Thriller
1271,300,Action;Adventure;War
291805,Now You See Me 2,Thriller;Crime
969492,Land of Bad,Action;War;Thriller
313369,La La Land,Comedy;Drama;Romance
13207,Friday the 13th,Horror;Thriller
615656,Meg 2: The Trench,Action;Science Fiction;Horror
458156,John Wick: Chapter 3 - Parabellum,Action;Thriller;Crime
359724,Ford v Ferrari,Drama;Action;History
1045938,G20,Action;Mystery;Drama
1954,The Butterfly Effect,Science Fiction;Thriller
458220,Palmer,Drama
1824,50 First Dates,Comedy;Romance
2502,The Bourne Supremacy,Action;Drama;Thriller
169,Predator 2,Science Fiction;Action;Thriller
565,The Ring,Horror;Mystery
1050035,Monster,Mystery;Thriller;Drama
1419229,Silent Zone,Horror;Thriller
1529498,Codebreaker Alan Turing Persecution Of A Genius,Documentary
140607,Star Wars: The Force Awakens,Adventure;Action;Science Fiction
65496,Student Services,Drama
9476,A Knight's Tale,Adventure;Drama;Romance;Action
762441,A Quiet Place: Day One,Horror;Science Fiction;Thriller
524434,Eternals,Science Fiction;Action;Adventure
8467,Dumb and Dumber,Comedy
505642,Black Panther: Wakanda Forever,Action;Adventure;Science Fiction
956,Mission: Impossible III,Adventure;Action;Thriller
1456349,It Was Just an Accident,Drama;Thriller;Crime
467938,Revenge,Action;Horror;Thriller
197,Braveheart,Action;Drama;History;War
509,Notting Hill,Romance;Comedy
227159,Horrible Bosses 2,Comedy
149,Akira,Animation;Science Fiction;Action
423,The Pianist,Drama;War
1311844,The Twisters,Action;Adventure;Drama
389,12 Angry Men,Drama
698508,Redeeming Love,Romance;Drama;Western
698508,Redeeming Love,Romance;Drama;Western
335797,Sing,Family;Comedy;Music;Animation
1607,A Bronx Tale,Drama;Crime
49530,In Time,Action;Thriller;Science Fiction
19913,(500) Days of Summer,Comedy;Drama;Romance
739405,Operation Fortune: Ruse de Guerre,Action;Comedy;Thriller
284052,Doctor Strange,Fantasy;Adventure;Action
312221,Creed,Drama;Action
152601,Her,Romance;Science Fiction;Drama
10009,Brother Bear,Adventure;Animation;Family
858485,Kantara,Action;Adventure;Thriller
61979,Three Steps Above Heaven,Romance;Drama
954,Mission: Impossible,Adventure;Action;Thriller
38,Eternal Sunshine of the Spotless Mind,Science Fiction;Drama;Romance
9614,Happy Gilmore,Comedy
91314,Transformers: Age of Extinction,Science Fiction;Action;Adventure
7518,Over the Hedge,Family;Comedy;Animation
310131,The Witch,Horror;Fantasy;Drama
757725,Shadow Force,Action;Thriller
381284,Hidden Figures,Drama;History
2118,L.A. Confidential,Crime;Mystery;Thriller;Drama
1593,Night at the Museum,Action;Adventure;Comedy;Family;Fantasy
46738,Incendies,Drama;War;Mystery
181533,Night at the Museum: Secret of the Tomb,Adventure;Comedy;Fantasy;Family
755679,Fast X: Part 2,Action;Crime;Thriller
508642,Gonjiam: Haunted Asylum,Horror;Mystery
6114,Bram Stoker's Dracula,Romance;Horror
520763,A Quiet Place Part II,Science Fiction;Thriller;Horror
1560650,Adopted 2,Horror
774370,Dog Man,Family;Comedy;Adventure;Animation
1388874,Boss Ma'am,Drama
2756,The Abyss,Adventure;Thriller;Science Fiction
81188,Rise of the Guardians,Animation;Family;Fantasy;Action;Adventure
1366,Rocky,Drama
75780,Jack Reacher,Crime;Drama;Thriller;Action
1067820,Awareness,Science Fiction;Mystery;Thriller;Action
516729,Paddington in Peru,Family;Comedy;Adventure
497698,Black Widow,Action;Adventure;Science Fiction
59940,Zebra Lounge,Thriller
9475,Scent of a Woman,Drama
4588,"Lust, Caution",Action;Drama;Romance;Thriller
137,Groundhog Day,Romance;Fantasy;Drama;Comedy
329981,Shut In,Drama;Thriller
87101,Terminator Genisys,Science Fiction;Action;Thriller;Adventure
142,Brokeback Mountain,Drama;Romance
21208,Orphan,Horror;Thriller
855,Black Hawk Down,Action;War;History
943,Lethal Weapon 3,Action;Comedy;Thriller;Crime
141,Donnie Darko,Fantasy;Drama;Mystery
9820,The Parent Trap,Comedy;Family;Romance
8909,Wanted,Action;Thriller;Crime
336843,Maze Runner: The Death Cure,Science Fiction;Action;Adventure;Thriller
10330,Freaky Friday,Family;Fantasy;Comedy
6477,Alvin and the Chipmunks,Comedy;Family;Fantasy
436270,Black Adam,Action;Adventure;Science Fiction
609681,The Marvels,Science Fiction;Adventure;Action
276907,Legend,Crime;Thriller
524047,Greenland,Action;Adventure;Thriller;Science Fiction
65,8 Mile,Drama;Music
70,Million Dollar Baby,Drama
